name,age,condition,risk,30,LBBB,33.79531419277191
,30,LBBB,33.79531419277191
raj rathan,30,LBBB,33.79531419277191
,30,LBBB,33.79531419277191
raj rathan,21,LBBB,31.99531419277191
raj rathan,21,LBBB,31.99531419277191
